<?xml version='1.0' encoding='UTF-8' ?>
<timeLogEntries>
  <time path="/new&#10;/LAB3" flag="R" />
  <time id="49" flag="D" />
  <time id="50" path="/LAB3/PSP2.1/Planning" start="@1539300611000" delta="65" flag="A" />
  <time id="51" path="/LAB3/PSP2.1/Planning" start="@1539566650000" delta="160" flag="A" />
  <time id="52" flag="D" />
  <time id="53" flag="D" />
  <time id="54" path="/LAB3/PSP2.1/Planning" start="@1539464582000" delta="16" flag="A" />
  <time id="55" flag="D" />
  <time id="56" path="/LAB3/PSP2.1/Planning" start="@1539662460000" delta="80" flag="A" />
  <time id="57" flag="D" />
  <time id="58" flag="D" />
  <time id="59" flag="D" />
  <time id="60" path="/LAB3/PSP2.1/Planning" start="@1539736213000" delta="125" flag="A" />
  <time id="61" flag="D" />
  <time id="62" path="/LAB3/PSP2.1/Planning" start="@1539819002000" delta="174" flag="A" />
  <time id="63" flag="D" />
  <time id="64" flag="D" />
  <time id="65" path="/LAB3/PSP2.1/Planning" start="@1539905414000" delta="122" flag="A" />
  <time id="66" flag="D" />
  <time id="67" flag="D" />
  <time id="68" flag="D" />
  <time id="69" flag="D" />
  <time id="70" flag="D" />
  <time id="71" flag="D" />
  <time id="72" path="/LAB3/PSP2.1/Design" start="@1540079664000" delta="34" flag="A" />
  <time id="73" path="/LAB3/PSP2.1/Design" start="@1540156890000" delta="163" flag="A" />
  <time id="74" path="/LAB3/PSP2.1/Design" start="@1540259040000" delta="142" flag="A" />
  <time id="75" path="/LAB3/PSP2.1/Design" start="@1540288800000" delta="161" flag="A" />
  <time id="76" flag="D" />
  <time id="77" flag="D" />
  <time id="78" flag="D" />
  <time id="79" path="/LAB3/PSP2.1/Code" start="@1540321530000" delta="81" flag="A" />
  <time id="80" path="/LAB3/PSP2.1/Code" start="@1540325128000" delta="166" flag="A" />
  <time id="81" path="/LAB3/PSP2.1/Code" start="@1540336824000" delta="233" flag="A" />
  <time id="82" path="/LAB3/PSP2.1/Code" start="@1540353929000" delta="65" flag="A" />
  <time id="83" path="/LAB3/PSP2.1/Compile" start="@1540382974000" delta="34" flag="A" />
  <time id="84" path="/LAB3/PSP2.1/Compile" start="@1540393775000" delta="21" flag="A" />
  <time id="85" path="/LAB3/PSP2.1/Compile" start="@1540426175000" delta="40" flag="A" />
  <time id="86" flag="D" />
  <time id="87" path="/LAB3/PSP2.1/Test" start="@1540426356000" delta="90" flag="A" />
  <time id="88" path="/LAB3/PSP2.1/Test" start="@1540438320000" delta="28" flag="A" />
  <time id="89" path="/LAB3/PSP2.1/Test" start="@1540360177000" delta="10" flag="A" />
</timeLogEntries>
