<?xml version='1.0' encoding='UTF-8' ?>
<timeLogEntries>
  <time id="1" path="/AED_LAB_U2/PSP0/Planning" start="@1535909110487" delta="21" interrupt="2" />
  <time id="2" path="/AED_LAB_U2/PSP0/Planning" start="@1535912646708" delta="33" />
  <time id="3" path="/AED_LAB_U2/PSP0/Planning" start="@1535936146266" delta="42" />
  <time id="4" path="/AED_LAB_U2/PSP0/Design" start="@1536458553923" delta="57" />
  <time id="5" path="/AED_LAB_U2/PSP0/Code" start="@1536545584317" delta="106" />
  <time id="6" path="/AED_LAB_U2/PSP0/Code" start="@1537044989994" delta="290" />
  <time id="7" path="/AED_LAB_U2/PSP0/Design" start="@1537446669559" delta="33" />
  <time id="8" path="/AED_LAB_U2/PSP0/Planning" start="@1537448631513" delta="46" />
  <time id="9" path="/AED_LAB_U2/PSP0/Test" start="@1537451388723" delta="166" />
  <time id="10" path="/AED_LAB_U2/PSP0/Code" start="@1537461379662" delta="1" />
  <time id="11" path="/AED_LAB_U2/PSP0/Design" start="@1537498458537" delta="25" />
  <time id="12" path="/AED_LAB_U2/PSP0/Code" start="@1537499964759" delta="22" />
  <time id="13" path="/AED_LAB_U3/PSP0/Planning" start="@1538537272683" delta="35" />
  <time id="14" path="/AED_LAB_U3/PSP0/Design" start="@1540176835386" delta="5" />
  <time id="15" path="/AED_LAB_U3/PSP0/Code" start="@1540177128234" delta="2134" />
  <time id="16" path="/AED_LAB_U3/PSP0/Code" start="@1540345951517" delta="134" />
  <time id="17" path="/AED_LAB_U3/PSP0/Code" start="@1540396332182" delta="3" />
  <time id="18" path="/AED_LAB_U3/PSP0/Code" start="@1540471529020" delta="320" />
  <time id="19" path="/AED_LAB_U3/PSP0/Code" start="@1540510467010" delta="12" />
</timeLogEntries>
