<?xml version='1.0' encoding='UTF-8' ?>
<timeLogEntries>
  <time id="20" path="/AED_LAB_U3/PSP0/Planning" start="@1538786249000" delta="92" flag="A" />
  <time id="21" path="/AED_LAB_U3/PSP0/Planning" start="@1539261470000" delta="47" interrupt="10" comment="Aclaring information with teacher" flag="A" />
  <time id="22" path="/AED_LAB_U3/PSP0/Planning" start="@1539477481000" delta="28" flag="A" />
  <time id="23" path="/AED_LAB_U3/PSP0/Planning" start="@1540060691000" delta="13" flag="A" />
  <time id="24" path="/AED_LAB_U3/PSP0/Planning" start="@1540504942000" delta="46" flag="A" />
  <time id="25" path="/AED_LAB_U3/PSP0/Design" start="@1539218406000" delta="69" flag="A" />
  <time id="26" path="/AED_LAB_U3/PSP0/Design" start="@1539297624000" delta="65" flag="A" />
  <time id="27" path="/AED_LAB_U3/PSP0/Design" start="@1539463347000" delta="33" flag="A" />
  <time id="28" path="/AED_LAB_U3/PSP0/Design" start="@1540513227000" delta="43" flag="A" />
  <time id="14" start="@1539140035000" flag="M" />
  <time id="15" delta="-1982" flag="M" />
  <time id="29" path="/AED_LAB_U3/PSP0/Code" start="@1540514585383" delta="54" flag="A" />
  <time id="30" path="/AED_LAB_U3/PSP0/Compile" start="@1538515448000" delta="12" flag="A" />
  <time id="31" path="/AED_LAB_U3/PSP0/Compile" start="@1538858648000" delta="34" flag="A" />
  <time id="32" path="/AED_LAB_U3/PSP0/Compile" start="@1539305118000" delta="65" flag="A" />
  <time id="33" path="/AED_LAB_U3/PSP0/Compile" start="@1540062242000" delta="34" flag="A" />
  <time id="34" path="/AED_LAB_U3/PSP0/Compile" start="@1540255448000" delta="124" flag="A" />
  <time id="35" path="/AED_LAB_U3/PSP0/Compile" start="@1540341009000" delta="23" flag="A" />
  <time id="36" path="/AED_LAB_U3/PSP0/Compile" start="@1540417329000" delta="30" flag="A" />
  <time id="37" path="/AED_LAB_U3/PSP0/Test" start="@1540000097000" delta="32" flag="A" />
  <time id="38" path="/AED_LAB_U3/PSP0/Test" start="@1540064892000" delta="45" flag="A" />
  <time id="39" path="/AED_LAB_U3/PSP0/Test" start="@1540242497000" delta="12" flag="A" />
  <time id="40" path="/AED_LAB_U3/PSP0/Test" start="@1540412293000" delta="23" flag="A" />
  <time id="41" path="/AED_LAB_U3/PSP0/Test" start="@1540490542000" delta="15" flag="A" />
  <time id="13" delta="-35" interrupt="35" comment="Asking teacher about trees" flag="M" />
  <time id="16" comment="Asking implementation of view" flag="M" />
</timeLogEntries>
