<?xml version='1.0' encoding='UTF-8' ?>
<timeLogEntries>
  <time id="1" path="/Análisis" start="@1536438547109" delta="2" />
  <time id="2" path="/Análisis" start="@1536438786511" delta="34" />
  <time id="3" path="/Análisis" start="@1536442163973" delta="1" />
  <time id="4" path="/Análisis" start="@1536448246112" delta="1134" interrupt="29" />
  <time id="5" path="/Codificación" start="@1536518032563" delta="136" />
  <time id="6" path="/Codificación" start="@1536532291901" delta="128" />
  <time id="7" path="/Codificación" start="@1536588744582" delta="220" />
  <time id="8" path="/Análisis" start="@1536602994349" delta="133" />
  <time id="9" path="/Análisis" start="@1536879414540" delta="359" />
  <time id="10" path="/Codificación" start="@1536900981775" delta="306" />
  <time id="14" path="/AED/AED_LAB2/Compile" start="@1537317166000" delta="51" comment="No compilaba la clase principal" />
  <time id="15" path="/AED/AED_LAB2/Test" start="@1537393863000" delta="114" />
  <time id="16" path="/AED/AED_LAB2/Planning" start="@1535771594000" delta="131" comment="" />
  <time id="17" path="/AED/AED_LAB2/Planning" start="@1535941212000" delta="48" />
  <time id="18" path="/AED/AED_LAB2/Planning" start="@1536183825000" delta="86" />
  <time id="19" path="/AED/AED_LAB2/Planning" start="@1536236284000" delta="222" />
  <time id="20" path="/AED/AED_LAB2/Planning" start="@1536020583000" delta="32" />
  <time id="22" path="/AED/AED_LAB2/Planning" start="@1536348845000" delta="274" comment="Consulta a terceros" />
  <time id="23" path="/AED/AED_LAB2/Planning" start="@1536430999000" delta="223" comment="" />
  <time id="24" path="/AED/AED_LAB2/Planning" start="@1536543604000" delta="207" comment="Consulta a terceros" />
  <time id="27" path="/AED/AED_LAB2/Design" start="@1536640984000" delta="40" />
  <time id="28" path="/AED/AED_LAB2/Design" start="@1536724883000" delta="81" />
  <time id="29" path="/AED/AED_LAB2/Design" start="@1536799234000" delta="160" comment="Se modifica y se implmenta parte de un nuevo diseño" />
  <time id="30" path="/AED/AED_LAB2/Design" start="@1536860402000" delta="32" />
  <time id="31" path="/AED/AED_LAB2/Design" start="@1536947763000" delta="56" />
  <time id="32" path="/AED/AED_LAB2/Design" start="@1537044650000" delta="192" comment="Se consultó a profesores" />
  <time id="33" path="/AED/AED_LAB2/Design" start="@1537087821000" delta="123" />
  <time id="34" path="/AED/AED_LAB2/Design" start="@1537152051000" delta="164" />
  <time id="35" path="/AED/AED_LAB2/Code" start="@1537239026000" delta="154" />
  <time id="38" path="/AED/AED_LAB2/Code" start="@1537221188000" delta="229" comment="Codificaciones diferentes clases" />
  <time id="39" path="/AED/AED_LAB2/Code" start="@1537325426000" delta="77" />
  <time id="41" path="/AED/AED_LAB2/Test" start="@1537419406000" delta="26" />
  <time id="42" path="/AED/AED_LAB2/Test" start="@1537454734000" delta="48" comment="Durante el testeo hubieron errores" />
  <time id="45" path="/AED/AED_LAB2/Compile" start="@1537419492000" delta="22" />
  <time id="46" path="/AED/AED_LAB2/Code Review" start="@1537562421000" delta="24" comment="Ultimas modificaiones de la clase Fornite" />
  <time id="47" path="/AED/AED_LAB2/Code Review" start="@1537570800000" delta="12" comment="Ultimas modificaciones de la clase player" />
  <time id="48" path="/AED/AED_LAB2/Test" start="@1539648599698" delta="21" />
</timeLogEntries>
