<?xml version='1.0' encoding='UTF-8' ?>
<timeLogEntries>
  <time path="/new&#10;/LAB3" flag="R" />
  <time id="49" flag="D" />
  <time id="50" path="/LAB3/PSP2.1/Planning" start="@1538609411000" delta="96" interrupt="20" comment="Preguntas al profesor" flag="A" />
  <time id="51" path="/LAB3/PSP2.1/Planning" start="@1539480250000" delta="66" flag="A" />
  <time id="52" flag="D" />
  <time id="53" flag="D" />
  <time id="54" path="/LAB3/PSP2.1/Planning" start="@1538775600000" delta="89" comment="" flag="A" />
  <time id="55" flag="D" />
  <time id="56" path="/LAB3/PSP2.1/Planning" start="@1539662460000" delta="80" flag="A" />
  <time id="57" flag="D" />
  <time id="58" flag="D" />
  <time id="59" flag="D" />
  <time id="60" flag="D" />
  <time id="61" flag="D" />
  <time id="62" flag="D" />
  <time id="63" flag="D" />
  <time id="64" flag="D" />
  <time id="65" flag="D" />
  <time id="66" flag="D" />
  <time id="67" flag="D" />
  <time id="68" flag="D" />
  <time id="69" flag="D" />
  <time id="70" flag="D" />
  <time id="71" flag="D" />
  <time id="72" path="/LAB3/PSP2.1/Design" start="@1539702784000" delta="31" interrupt="3" comment="Tomé una bebida" flag="A" />
  <time id="73" path="/LAB3/PSP2.1/Design" start="@1540009823000" delta="63" flag="A" />
  <time id="74" path="/LAB3/PSP2.1/Design" start="@1540014960000" delta="23" interrupt="31" comment="Concreté diseño con compañeros" flag="A" />
  <time id="75" path="/LAB3/PSP2.1/Design" start="@1540126800000" delta="83" flag="A" />
  <time id="76" flag="D" />
  <time id="77" flag="D" />
  <time id="78" flag="D" />
  <time id="79" path="/LAB3/PSP2.1/Code" start="@1540247642000" delta="190" interrupt="13" comment="Error compilación" flag="A" />
  <time id="80" path="/LAB3/PSP2.1/Code" start="@1540266541000" delta="131" interrupt="34" comment="Tomé un cafe" flag="A" />
  <time id="81" path="/LAB3/PSP2.1/Code" start="@1540335770000" delta="243" flag="A" />
  <time id="82" path="/LAB3/PSP2.1/Code" start="@1540440329000" delta="122" interrupt="5" comment="Contesté una llamada" flag="A" />
  <time id="83" path="/LAB3/PSP2.1/Compile" start="@1540380842000" delta="56" flag="A" />
  <time id="84" path="/LAB3/PSP2.1/Compile" start="@1540382975000" delta="34" flag="A" />
  <time id="85" path="/LAB3/PSP2.1/Compile" start="@1540399835000" delta="40" flag="A" />
  <time id="86" flag="D" />
  <time id="87" path="/LAB3/PSP2.1/Test" start="@1540510956000" delta="116" flag="A" />
  <time id="88" flag="D" />
  <time id="89" path="/LAB3/PSP2.1/Test" start="@1540506189000" delta="39" interrupt="11" comment="Vericando modelo del proyecto" flag="A" />
  <time id="90" flag="D" />
  <time id="91" flag="D" />
  <time id="92" flag="D" />
  <time id="93" flag="D" />
  <time id="94" flag="D" />
  <time id="95" flag="D" />
  <time id="96" flag="D" />
  <time id="97" flag="D" />
  <time id="98" path="/LAB3/PSP2.1/Compile" start="@1540483280000" flag="A" />
  <time id="99" path="/LAB3/PSP2.1/Compile" start="@1540496287000" flag="A" />
  <time id="100" flag="D" />
</timeLogEntries>
